store_id,total_revenue
S014,33882.51000000001
S020,32905.380000000005
S019,30392.000000000004
S015,30036.990000000005
S003,29462.639999999996
S017,28485.010000000006
S018,27739.799999999996
S011,26754.360000000008
S007,25162.539999999997
S012,24663.15
S005,24508.86
S010,23362.31
S016,22364.219999999998
S001,22146.480000000003
S009,19997.260000000002
S013,18758.910000000003
S006,18010.07
S008,17073.429999999997
S002,17052.550000000003
S004,16555.460000000003
